month,year,name,event_count
3,2011,ala,6
3,2011,ola,12
3,2011,joeyespo,188
3,2011,filiperocha,12
3,2011,vaff,5
3,2011,helgi,10
3,2011,arattinger,60
3,2011,jmpak,6
3,2011,Leechael,21
3,2011,Zeelot,26
3,2011,ituralde,83
3,2011,LouisStAmour,11
3,2011,vwarg,6
3,2011,0,25
3,2011,6,29
3,2011,charlenopires,264
3,2011,8,5
3,2011,thePapacy,55
3,2011,polettix,20
3,2011,iit-acm,5
3,2011,Dismounted,6
3,2011,twinshadow,25
3,2011,kohgpat,11
3,2011,aitzkora,7
3,2011,ted-dunstone,32
3,2011,timeu,7
3,2011,dwoodwoo,11
3,2011,l,14
3,2011,foound,8
3,2011,egor-kun,7
3,2011,janisto,10
3,2011,q,23
3,2011,arscan,5
3,2011,p,186
3,2011,ladyrassilon,52

